,y
344,6.525029657843463
3991,0.0
3206,0.0
4340,0.0
4384,0.0
3027,0.0
236,0.0
2512,0.0
1165,0.0
4590,0.0
3999,0.0
448,0.0
1169,0.0
4568,0.0
3503,0.0
4071,4.4067192472642525
2575,2.302585092994046
3273,0.0
3135,0.6931471805599453
205,7.440733707389262
3203,0.0
2065,0.0
607,0.0
420,0.0
2158,0.0
846,0.0
2655,0.0
1236,0.0
4475,1.3862943611198906
1791,0.0
563,0.0
418,0.0
4765,0.0
3611,0.0
3841,3.951243718581428
4324,0.0
4277,6.621405651764134
1977,7.1284959456800365
518,0.0
3020,0.0
1020,5.700443573390688
993,0.0
3964,0.0
1764,0.0
1657,0.0
2480,0.0
2039,0.0
3970,0.0
534,0.0
3251,0.0
4178,0.0
1802,0.0
2605,0.6931471805599453
4929,0.0
1827,0.0
3921,2.6390573296152584
2872,0.0
2906,0.0
4879,0.0
4499,0.0
946,0.0
2361,0.0
1406,4.3694478524670215
4520,0.0
2706,0.0
616,0.0
3789,0.0
955,0.0
194,0.0
909,0.0
4483,4.07753744390572
1825,0.0
4559,0.0
1534,0.0
3720,0.0
368,0.0
4396,2.079441541679836
4206,0.0
2881,2.5649493574615367
2695,0.0
1922,0.0
2908,0.0
3454,0.0
1653,3.688879454113936
216,0.0
1247,0.0
4288,0.0
3266,0.0
3483,0.0
1055,2.8332133440562166
1426,0.0
4302,0.0
4357,0.0
3498,0.0
1810,0.0
460,0.6931471805599453
1147,0.0
3134,2.5649493574615367
1916,0.0
1242,0.0
3042,0.0
4320,0.0
4232,0.6931471805599453
4106,0.0
4622,0.0
769,0.0
4335,0.0
1828,0.0
2027,0.0
4962,4.564348191467836
234,0.0
2678,0.0
1,0.0
4625,0.0
2839,0.0
4979,5.342334251964812
2019,0.0
2472,0.0
210,0.0
671,0.0
3285,0.0
3749,0.0
438,0.0
1666,0.0
3535,0.0
3906,0.0
880,2.8903717578961645
1929,0.0
1697,0.0
1703,1.3862943611198906
1008,0.0
3480,0.0
4745,0.0
4666,5.497168225293202
4684,0.0
3944,0.0
385,0.0
1960,0.0
4876,3.970291913552122
2805,0.0
3631,0.0
3584,8.069029328774956
3043,0.0
4141,0.0
4759,0.0
2197,0.0
4681,0.0
2987,0.0
1971,0.0
4757,0.0
396,0.0
2273,0.0
3255,0.0
1814,0.0
3632,0.0
2118,0.0
3358,0.0
2155,0.0
1217,0.0
3343,0.0
2016,0.0
613,0.0
290,0.0
4312,0.0
1424,1.791759469228055
990,0.0
4554,7.292337176173878
4348,0.0
4245,0.0
2441,0.0
1512,0.0
1736,0.0
3300,3.332204510175204
650,0.0
4143,0.0
4060,6.559615237493242
1494,5.752572638825632
1958,0.0
730,4.30406509320417
2682,0.0
345,0.0
2784,0.0
4084,5.7071102647488745
3118,5.356586274672011
3247,0.0
2030,0.0
4431,6.8638033914529535
4580,0.0
2506,1.3862943611198906
3003,0.0
913,0.0
2529,0.0
794,2.9444389791664403
960,0.0
392,0.0
268,0.0
342,8.229777750081887
1463,2.3978952727983707
1586,0.0
1941,0.0
2742,2.3978952727983707
1734,0.0
2640,0.0
1675,0.0
2971,0.0
3635,0.0
893,3.688879454113936
695,1.791759469228055
1377,0.0
3132,2.9957322735539913
2282,0.0
3612,0.0
3984,0.0
1906,2.772588722239781
443,0.0
1893,1.3862943611198906
3586,7.487733761436443
2874,0.0
4808,0.0
3889,0.0
1195,5.37989735354046
2165,0.0
495,0.0
4982,5.267858159063328
2217,0.0
2223,0.0
4201,0.0
2911,0.0
3852,2.9957322735539913
2046,0.0
3602,0.0
54,4.68213122712422
2008,0.0
2369,0.0
3872,0.0
3296,2.8332133440562166
3785,0.0
3283,0.0
4271,6.5998704992128365
632,0.0
577,0.0
3366,0.0
3536,0.0
787,0.6931471805599453
1080,5.631211781821365
2803,0.0
233,0.0
4200,0.0
1420,1.0986122886681098
2646,0.0
2470,0.0
4623,0.6931471805599453
1724,5.231108616854587
784,0.6931471805599453
1892,1.6094379124341005
4325,0.0
3939,0.0
785,2.079441541679836
524,0.0
714,4.7535901911063645
4516,0.0
1678,6.78897174299217
4228,0.0
2743,2.5649493574615367
4990,5.840641657373397
2490,0.0
4405,3.258096538021482
857,4.343805421853683
2360,0.0
292,0.0
2424,0.0
561,0.0
2999,0.0
93,0.0
661,0.0
3396,0.0
1061,0.0
2363,0.0
3809,0.0
4131,0.0
2675,0.0
657,0.0
3509,0.0
4432,6.9469759921354175
4749,0.0
2536,0.0
4756,0.0
389,0.0
101,0.0
3634,0.0
2581,4.997212273764115
938,0.0
2240,0.0
4037,0.0
3162,0.0
6,0.0
1063,0.0
1992,0.0
1792,0.0
1103,5.429345628954442
224,0.0
959,0.0
2146,0.0
1227,0.0
436,0.0
4333,0.0
2776,0.0
1043,2.302585092994046
3644,0.0
2864,0.0
1939,0.0
2089,6.045005314036013
2593,4.736198448394496
2000,0.0
4454,0.0
4285,0.0
2856,0.0
2998,0.0
1973,0.0
548,0.0
2550,5.8607862234658645
3983,0.0
4177,0.0
2701,0.0
3578,0.0
2667,0.0
3455,0.0
1784,0.0
3021,0.0
4047,0.0
3623,0.0
464,1.0986122886681098
2132,0.0
1375,0.0
725,4.30406509320417
3665,0.0
940,0.0
4180,0.0
231,0.0
2907,0.0
4126,0.0
1413,1.6094379124341005
3060,2.5649493574615367
1143,0.0
1035,4.51085950651685
1518,0.0
4674,0.0
1387,1.0986122886681098
2538,0.0
4931,0.0
2730,4.248495242049359
3143,4.718498871295094
3986,0.0
3597,0.0
3652,0.0
773,5.5373342670185375
3818,0.0
4315,0.0
4291,0.0
2707,0.0
2652,0.0
201,0.0
3798,0.0
2397,0.0
3211,0.0
416,0.0
2476,0.0
4856,0.0
2772,0.0
3608,0.0
3430,0.0
338,0.0
260,0.0
3581,0.0
719,5.40717177146012
2457,2.4849066497880004
568,0.0
4428,0.0
1865,3.737669618283368
376,0.0
2365,0.0
1615,0.0
3739,3.9318256327243257
605,0.0
2685,0.0
4632,0.0
1848,0.0
4925,0.0
302,0.0
3719,0.0
2043,0.0
232,0.0
1432,0.0
4134,0.0
362,7.023758954738443
2698,0.0
2567,1.3862943611198906
125,2.7080502011022096
2586,2.19722457733622
953,0.0
481,3.4657359027997265
3886,6.9726062513017535
3919,0.0
3445,8.497194544909547
710,5.318119993844216
4910,0.0
3375,0.0
1990,0.0
3679,1.3862943611198906
709,4.6443908991413725
4838,0.0
2921,0.0
4670,0.0
2421,0.0
813,0.0
130,2.6390573296152584
1787,0.0
2977,0.0
2474,0.0
4754,0.0
490,0.0
1559,0.0
3714,0.0
4527,0.0
351,0.0
186,0.0
4052,4.204692619390967
2972,0.0
1476,4.043051267834549
1988,0.0
399,0.0
3997,0.0
1793,0.0
1714,2.8332133440562166
1049,0.0
1100,4.204692619390967
3828,0.0
3329,7.321849713788357
2697,0.0
2070,0.0
2304,0.0
421,0.0
1525,0.0
1401,2.079441541679836
2644,0.0
963,0.0
1759,0.0
1163,0.0
1938,0.0
4741,0.0
4135,0.0
487,0.0
3080,5.472270673671474
1249,0.6931471805599453
435,0.0
4259,5.4510384535657
255,0.0
1526,0.0
829,0.0
788,1.3862943611198906
1535,0.0
3344,0.0
1987,0.0
1554,0.0
456,0.0
3990,0.0
1433,0.0
3759,0.0
1012,5.655991810819852
2387,0.0
1128,0.0
1560,0.0
1105,0.0
2997,0.0
398,0.0
4526,0.0
797,2.4849066497880004
4560,0.0
3588,0.0
2909,0.0
3328,6.954638864880987
4133,0.0
3039,0.0
2064,0.0
1361,0.0
1458,1.3862943611198906
1334,3.7135720667043084
1758,0.0
4166,0.0
177,0.0
3226,0.0
2731,4.890349128221754
3165,0.0
26,0.0
2445,0.0
525,0.0
4213,0.0
1253,0.6931471805599453
3349,0.0
1145,0.0
2820,3.3672958299864737
321,2.079441541679836
4648,5.7899601708972535
664,0.0
4045,0.0
2213,0.0
4451,0.0
3695,0.0
3661,0.0
332,0.0
4110,6.045005314036013
2809,1.3862943611198906
1652,2.6390573296152584
3960,0.0
598,0.0
4506,0.0
386,0.0
2860,0.0
1459,1.0986122886681098
2611,1.791759469228055
3119,6.2441669006637355
4948,2.4849066497880004
4169,0.0
228,0.0
1028,6.725033642166842
4758,0.0
498,0.0
1771,0.0
902,0.0
3756,0.0
701,2.4849066497880004
4769,0.0
2430,0.0
2665,0.0
4724,0.0
3801,0.0
2993,0.0
1237,0.0
4581,0.0
1238,0.0
3496,0.0
3048,0.0
4853,8.160803920954665
2754,3.555348061489413
4038,0.0
4215,0.0
1749,0.0
1564,0.0
3730,3.2958368660043287
138,0.0
3826,0.0
4001,0.0
4890,0.0
4358,0.0
3887,0.0
4613,0.0
3213,0.0
4427,0.0
2415,0.0
580,0.0
912,0.0
1565,0.0
367,7.44600149832412
3185,0.0
4267,5.762051382780178
4417,0.0
3639,0.0
3286,0.0
4728,0.0
2017,0.0
2418,0.0
4032,0.0
3686,0.0
110,0.0
2294,0.0
4761,0.0
2520,0.0
2555,1.3862943611198906
1089,3.80666248977032
929,0.0
1338,3.258096538021482
4095,0.0
2334,6.113682179832232
936,0.0
3210,0.0
2680,0.0
4306,0.0
1250,0.6931471805599453
4522,0.0
2756,4.143134726391533
2076,0.0
4161,6.376726947898628
3451,0.0
2185,0.0
4107,0.0
2451,0.0
2641,0.0
3142,2.772588722239781
705,4.219507705176107
1197,0.0
1683,0.0
2498,0.6931471805599453
434,0.0
3763,0.0
2582,5.488937726156687
383,0.0
2263,0.0
2236,0.0
4991,5.1647859739235145
2473,0.0
1672,0.0
1660,0.0
432,0.0
739,0.0
2773,0.0
1777,0.0
3502,0.0
3467,0.0
3355,0.0
2209,0.0
3301,2.772588722239781
3985,0.0
3,0.0
4505,0.0
2910,0.0
7,0.0
1896,0.6931471805599453
2037,0.0
1742,0.0
403,0.0
4637,0.0
50,5.521460917862246
1933,0.0
2090,5.723585101952382
4771,0.0
558,0.0
726,4.61512051684126
1717,3.80666248977032
3547,0.0
1151,0.0
4958,3.8501476017100575
1723,4.6443908991413725
545,0.0
2201,0.0
4801,0.0
1614,1.3862943611198906
1071,0.0
3920,1.791759469228055
716,6.220590170099739
4534,1.0986122886681098
4916,0.0
1396,0.0
1231,0.0
3591,0.0
1727,0.0
318,0.0
3868,0.0
4884,0.0
4984,5.308267697401205
4900,0.0
1587,0.0
427,0.0
2408,0.0
4100,0.0
480,3.555348061489413
3269,0.0
546,0.0
1298,0.0
262,0.0
1702,1.6094379124341005
4111,6.912742820493176
4863,0.0
666,0.0
171,0.0
1176,0.0
3603,0.0
1077,0.0
3409,0.0
4170,0.0
686,0.0
4540,1.0986122886681098
3382,0.0
693,3.0910424533583165
2764,0.0
4351,0.0
2481,0.0
2262,0.0
3304,2.19722457733622
3585,7.9714309977693505
2812,1.0986122886681098
2938,0.0
2117,0.0
4770,0.0
3710,0.0
781,4.574710978503383
4104,0.0
4223,0.0
541,0.0
711,5.986452005284437
3044,0.0
3186,0.0
2726,4.634728988229637
630,0.0
254,0.0
3218,0.0
2471,0.0
882,3.7135720667043084
2603,1.0986122886681098
3794,0.0
1240,0.0
4063,7.670428522190693
4932,0.0
1875,3.6375861597263857
1171,0.0
4656,5.641907070938113
4968,3.610917912644224
2362,0.0
2093,0.0
2416,0.0
588,0.6931471805599453
790,2.8903717578961645
2276,0.0
1144,0.0
1329,0.0
2796,0.0
4851,0.0
3501,0.0
4712,0.0
75,0.0
2054,0.0
4597,0.0
3512,0.0
3120,6.661854740545311
2290,0.0
554,0.0
4448,0.0
1466,2.3978952727983707
4088,6.981934677156389
1735,0.0
1101,4.653960350157523
3513,0.0
4073,4.290459441148391
4643,0.0
1847,0.0
945,0.0
3264,0.0
842,0.0
1752,0.0
2996,0.0
2389,0.0
4322,0.0
4087,6.947937068614969
3435,0.0
968,0.0
4092,6.946013991099227
2636,0.0
1281,0.0
225,0.0
4517,0.0
755,0.0
4446,0.0
3504,0.0
2293,0.0
3650,0.0
3755,0.0
845,0.0
572,0.0
3816,0.0
4286,0.0
2233,0.0
1131,0.0
3660,0.0
1624,1.0986122886681098
3628,0.0
154,0.0
476,2.302585092994046
4831,0.0
4905,0.0
81,0.0
1039,1.6094379124341005
1690,0.0
4018,0.0
2728,1.0986122886681098
1651,3.1354942159291497
551,6.428105272684597
4822,0.0
4952,3.5263605246161616
1087,5.170483995038151
2079,0.0
382,0.0
1099,4.262679877041316
3882,0.0
2487,0.0
482,4.0943445622220995
1924,0.0
2336,5.0751738152338275
4041,0.0
3450,0.0
2166,0.0
918,0.0
984,0.0
3190,6.527957917622549
473,2.302585092994046
2625,0.0
1120,0.0
4378,0.0
4955,4.543294782270004
89,0.0
850,0.0
3361,0.0
2133,0.0
2343,6.849066282633458
297,9.040144994980068
4298,0.0
527,0.0
4371,0.0
442,0.0
72,0.0
2933,0.0
1684,0.0
3072,2.7080502011022096
1138,0.0
2355,0.0
2399,0.0
2161,0.0
2318,0.0
1006,0.0
4786,0.0
4270,5.814130531825067
1475,4.90527477843843
83,0.0
2289,0.0
4500,0.0
3207,0.0
4570,0.0
4375,0.0
3994,0.0
3771,0.0
47,3.8712010109078916
2831,0.0
1963,0.0
2702,0.0
397,0.0
1507,0.0
2243,0.0
1884,4.955827057601262
4541,0.0
3542,0.0
3883,0.0
4425,0.0
986,0.0
3204,0.0
4338,0.0
484,0.0
4654,5.932245187448012
237,0.0
4028,0.0
3259,0.0
471,0.0
2821,5.627621113690636
1104,0.0
2635,0.0
802,5.9939614273065684
3078,4.718498871295094
4798,0.0
2684,0.0
2305,0.0
3904,0.0
4381,0.0
104,0.0
1737,0.0
3878,0.0
3638,0.0
3833,0.0
3568,0.0
2855,0.0
1928,0.0
3727,4.927253685157205
34,0.0
197,0.0
3923,2.4849066497880004
4379,0.0
2527,0.0
4470,1.0986122886681098
817,0.0
564,0.0
2245,0.0
4091,6.933423025730715
2300,0.0
74,0.0
855,3.7612001156935615
309,0.0
4726,0.0
282,0.0
2969,0.0
3408,0.0
4186,0.0
547,0.0
4353,0.0
4957,3.0910424533583165
1914,0.0
3521,0.0
2954,0.0
1158,0.0
1680,0.0
720,4.343805421853683
291,0.0
3766,0.0
540,0.0
3803,0.0
4737,0.0
1036,3.737669618283368
1882,3.8501476017100575
2366,0.0
1047,2.19722457733622
4158,5.627621113690636
2183,0.0
267,0.0
872,6.442540166468199
2863,0.0
689,5.986452005284437
4813,0.0
60,5.872117789475416
3866,0.0
4972,5.7745515455444085
1189,0.0
1488,4.948759890378168
2894,3.1354942159291497
2981,0.0
4372,0.0
3263,0.0
4,0.0
395,0.0
4455,0.0
4676,0.0
535,0.0
3814,0.0
4474,0.0
3663,0.0
2478,0.0
602,0.0
2854,0.0
581,0.0
1437,0.0
2534,0.0
195,0.0
1263,1.0986122886681098
172,0.0
4031,0.0
2013,0.0
2007,0.0
3500,0.0
1409,1.9459101490553128
3194,6.284134161070802
2192,0.0
924,0.0
702,0.0
1013,5.739792912179233
3510,0.0
3485,0.0
1173,0.0
1562,0.0
3675,0.0
1447,0.0
1641,1.3862943611198906
2672,0.0
1300,0.0
642,0.0
2807,1.0986122886681098
1430,0.0
3133,1.9459101490553128
2402,0.0
2670,0.0
2727,2.8332133440562166
2048,0.0
3274,0.0
4144,0.0
1239,0.0
437,0.0
415,0.0
4370,9.870809390145547
4653,6.580639137284948
4227,0.0
982,0.0
1164,0.0
1779,0.0
2136,8.568836424568076
4536,1.0986122886681098
1993,0.0
1918,0.0
3856,4.043051267834549
586,0.6931471805599453
595,1.3862943611198906
1811,0.0
812,0.0
1949,0.0
1070,0.0
4701,0.0
1167,0.0
1221,0.0
1930,0.0
3684,0.0
3347,0.0
2569,0.0
220,0.0
4807,4.31748811353631
1065,0.0
462,0.6931471805599453
1692,0.0
4019,0.0
3541,6.369900982828227
3941,0.0
1309,0.0
3032,0.0
774,5.44673737166631
1335,2.8903717578961645
305,0.0
1504,0.0
911,0.0
439,0.0
713,5.37989735354046
4576,7.3864708488298945
2106,0.0
3399,0.0
1501,0.0
4363,0.0
1024,6.532334292222348
2045,0.0
1082,2.6390573296152584
4703,0.0
3392,0.0
2113,6.439350371100098
734,6.854354502255021
1674,0.0
2159,0.0
2973,0.0
2256,0.0
1074,0.0
1796,0.0
3287,0.0
4202,0.0
1330,0.0
3931,4.343805421853683
3111,0.0
4273,7.220373836723948
65,5.877735781779639
3724,7.453561871643371
4743,0.0
1610,0.0
1643,0.6931471805599453
1219,0.0
1604,0.0
357,0.0
3178,0.0
530,0.0
2372,0.0
4809,0.0
1093,1.6094379124341005
1765,0.0
3715,0.0
985,0.0
3507,0.0
2107,0.0
3698,0.0
3272,0.0
2815,2.302585092994046
3228,0.0
3064,2.302585092994046
4695,0.0
1288,0.0
3265,0.0
137,4.110873864173311
973,0.0
1648,1.791759469228055
2354,0.0
615,0.0
3413,0.0
3202,0.0
1858,0.0
4257,5.556828061699537
3035,0.0
4214,0.0
4864,0.0
4817,0.0
3690,0.0
2104,0.0
2379,0.0
1366,0.0
414,0.0
2601,0.6931471805599453
2818,2.302585092994046
2174,0.0
3331,7.25063551189868
1040,3.737669618283368
3067,2.8903717578961645
4326,0.0
508,0.0
2950,0.0
3324,5.416100402204419
1781,0.0
4766,0.0
4441,0.0
3812,0.0
3315,5.111987788356544
543,0.0
4569,0.0
3406,0.0
223,0.0
3685,0.0
2968,0.0
1402,1.0986122886681098
3339,0.0
2733,4.6443908991413725
180,0.0
3802,0.0
2229,0.0
1322,0.0
4784,3.80666248977032
2889,3.4339872044851463
539,0.0
289,0.0
975,0.0
2711,0.0
2444,0.0
2914,0.0
41,0.0
4263,6.331501849893692
3511,0.0
4961,4.127134385045092
3373,0.0
4589,0.0
3530,0.0
4246,0.0
876,2.4849066497880004
1391,0.6931471805599453
506,0.0
3444,8.34283980427146
1014,6.226536669287466
387,0.0
2378,0.0
307,0.0
1336,2.302585092994046
1863,1.0986122886681098
4564,0.0
3279,0.0
1255,2.302585092994046
3434,0.0
340,0.0
1801,0.0
4646,0.0
3316,4.736198448394496
4383,0.0
2824,5.181783550292085
4539,1.6094379124341005
747,0.0
4013,0.0
3489,0.0
2053,0.0
1503,0.0
4146,0.0
4224,0.0
1780,0.0
2448,0.0
765,0.0
925,0.0
856,4.248495242049359
4862,0.0
1270,0.0
4307,0.0
3084,1.3862943611198906
1114,0.0
4716,0.0
2948,0.0
751,0.0
4165,0.0
3227,0.0
151,0.0
1032,6.968850378341948
3106,0.0
346,0.0
2630,0.0
1670,0.0
706,3.6635616461296463
4644,0.0
2358,0.0
3525,0.0
1400,2.19722457733622
1017,5.950642552587727
2761,0.0
1649,1.0986122886681098
3558,0.0
1502,0.0
87,0.0
521,0.0
4521,0.0
1556,0.0
2346,0.0
2928,0.0
4878,0.0
2385,0.0
1201,0.0
2135,9.256269303864585
3810,0.0
3831,0.0
4638,0.0
3017,0.0
3656,5.375278407684165
1142,0.0
2227,0.0
10,0.0
4550,6.1441856341256464
3537,0.0
4278,7.372746366404328
3125,6.882437470997847
3468,0.0
3993,0.0
1845,0.0
2099,0.0
569,0.0
3253,0.0
4194,0.0
1408,0.0
3499,0.0
3651,0.0
3682,0.0
3659,0.0
3464,0.0
1332,0.0
1647,1.3862943611198906
3792,0.0
3770,0.0
688,5.929589143389895
822,0.0
2274,0.0
3587,7.5126175446745105
2703,0.0
1677,6.6359465556866475
1149,3.258096538021482
2463,0.0
3446,8.404919948933452
3626,0.0
2114,7.741099090035366
3353,0.0
3403,0.0
3196,6.343880434126331
3415,0.0
3116,0.0
3927,2.772588722239781
917,0.0
3936,0.0
3458,0.0
4471,3.218875824868201
559,0.0
2837,0.0
707,4.812184355372417
2535,0.0
583,1.0986122886681098
1208,0.0
2351,0.0
422,0.0
3687,0.0
875,2.4849066497880004
4482,2.302585092994046
2708,0.0
3092,2.19722457733622
1566,0.0
4239,0.0
227,0.0
826,0.0
2963,0.0
4295,0.0
1636,2.19722457733622
3318,5.313205979041787
4605,0.0
3376,0.0
1190,0.0
4829,0.0
4615,0.0
1569,0.0
2946,0.0
2134,0.0
2883,2.19722457733622
1808,0.0
825,0.0
499,0.0
4305,0.0
3357,5.2832037287379885
816,0.0
1316,0.0
2905,0.0
509,0.0
146,0.0
4181,0.0
4675,0.0
4585,0.0
1536,0.0
4792,0.0
1196,0.0
2390,0.0
470,1.0986122886681098
3746,1.9459101490553128
2461,0.0
1789,0.0
4130,0.0
204,0.0
2005,0.0
4640,0.0
2479,0.0
1754,0.0
1215,0.0
2823,5.0238805208462765
4424,0.0
3976,0.0
1451,0.6931471805599453
2215,0.0
4048,3.4339872044851463
1903,1.6094379124341005
979,0.0
549,0.0
4776,0.0
3708,0.0
2266,0.0
3104,5.857933154483459
1425,1.3862943611198906
3306,2.9957322735539913
576,0.0
1452,1.791759469228055
3183,0.0
445,0.0
3951,0.0
4860,0.0
627,0.0
347,0.0
341,7.942717540573791
4210,0.0
4821,0.0
777,4.9836066217083355
2800,0.0
2902,0.0
303,0.0
926,0.0
3992,0.0
675,0.0
4172,0.0
2308,0.0
584,0.6931471805599453
2012,0.0
3191,5.521460917862246
4596,0.0
3052,0.0
241,0.0
1862,6.679599185844383
1479,4.820281565605037
3961,0.0
3006,0.0
3731,1.6094379124341005
3123,7.067319848653476
170,0.0
2382,0.0
896,5.3471075307174685
2404,0.0
1376,0.0
3282,0.0
3189,6.284134161070802
3834,0.0
3237,0.0
477,1.9459101490553128
3121,6.697034247666483
337,0.0
1895,3.0445224377234235
320,0.0
2129,0.0
3422,0.0
635,0.0
620,9.287301413112312
3821,0.0
2388,0.0
1658,0.0
2102,0.0
3159,0.0
3729,2.9444389791664403
3244,0.0
3747,3.0910424533583165
2873,0.0
3871,0.0
3620,0.0
2930,0.0
681,0.0
2312,0.0
1709,1.9459101490553128
2298,4.499809670330264
3683,0.0
1261,1.6094379124341005
4476,2.8903717578961645
3031,0.0
1950,0.0
4387,0.0
3966,0.0
3697,0.0
735,6.663132695990803
536,0.0
3909,0.0
3732,1.3862943611198906
1349,6.028278520230697
866,4.990432586778736
1127,0.0
4869,3.6375861597263857
122,1.9459101490553128
4951,1.3862943611198906
1767,0.0
3897,0.0
2762,0.0
1607,0.0
2095,0.0
4128,0.0
3309,4.02535169073515
1797,0.0
4903,0.0
1506,0.0
4160,5.986452005284437
4865,0.0
3463,0.0
1193,0.0
1220,0.0
1194,4.634728988229637
2364,0.0
4089,7.302496423727327
1698,0.0
2645,0.0
4331,0.0
2190,0.0
370,0.0
485,0.0
4574,8.331104548053041
520,0.0
571,0.0
2281,0.0
1943,0.0
947,0.0
3570,0.0
4583,0.0
1489,4.8828019225863715
3721,0.0
4511,0.0
1096,4.248495242049359
2124,0.0
2610,1.791759469228055
3595,0.0
510,0.0
3851,3.1780538303479458
2945,0.0
1359,0.0
1107,0.0
533,0.0
2426,0.0
2583,3.0910424533583165
2168,0.0
3295,1.791759469228055
4489,0.0
3075,4.691347882229144
4787,0.0
3077,4.836281906951479
1730,0.0
4462,0.0
1002,0.0
4578,0.0
2717,1.3862943611198906
4614,0.0
3738,2.772588722239781
883,4.7535901911063645
1688,0.0
1347,4.804021044733257
4174,0.0
1708,2.8332133440562166
2785,0.0
4493,0.0
670,0.0
1266,0.0
3068,2.6390573296152584
1551,0.0
2325,5.2626901889048865
4488,0.0
4747,0.0
3546,0.0
4530,0.0
2735,4.762173934797756
4005,0.0
1365,0.0
2225,0.0
4236,0.0
2543,0.0
363,7.557472901614746
3307,4.262679877041316
2359,0.0
2333,6.042632833682381
4219,0.0
614,0.0
1760,0.0
91,0.0
1644,1.3862943611198906
4241,0.0
1964,0.0
2633,0.0
4985,4.867534450455582
3465,0.0
4837,0.0
3090,2.9957322735539913
1661,0.0
2401,0.0
4469,1.3862943611198906
3696,0.0
3393,0.0
258,0.0
1496,0.0
1602,0.0
4230,0.0
3187,6.278521424165843
4044,0.0
2323,4.955827057601262
4152,0.0
970,0.0
4805,0.0
1305,0.0
3278,0.0
2284,0.0
2500,0.0
1782,0.0
1363,0.0
1468,1.791759469228055
1945,0.0
3137,2.4849066497880004
2650,0.0
270,0.0
4935,0.0
4542,0.0
1696,0.0
4376,0.0
3881,0.0
1911,0.0
4965,4.836281906951479
1819,0.0
406,0.0
1805,0.0
2573,1.3862943611198906
4988,5.429345628954442
4697,0.0
4444,0.0
4833,0.0
4481,2.8903717578961645
1544,0.0
463,0.0
1223,0.0
4487,0.0
3929,3.1780538303479458
1091,1.791759469228055
691,1.0986122886681098
1241,0.0
103,0.0
3782,0.0
1631,3.4011973816621555
3423,0.0
683,0.0
2941,0.0
3152,0.0
4069,7.945555428253488
2722,2.3978952727983707
3762,0.0
4207,0.0
2080,0.0
199,0.0
2781,5.247024072160486
3607,0.0
2121,0.0
3658,0.0
1813,0.0
2350,0.0
39,0.0
68,7.670894831362117
2410,0.0
2182,0.0
3294,3.7135720667043084
679,0.0
4139,0.0
4283,0.0
3884,0.0
2528,0.0
365,6.349138991379798
733,6.726233402358747
3787,0.0
2341,5.7745515455444085
2071,0.0
954,0.0
287,0.0
4913,0.0
2549,5.955837369464831
2167,0.0
3157,0.0
2425,0.0
1581,0.0
2028,0.0
2062,0.0
3124,6.892641641172088
3177,0.0
2556,0.6931471805599453
2311,0.0
4661,4.890349128221754
2637,0.0
2066,9.495820020872763
4067,7.88758403166028
793,3.1354942159291497
4243,0.0
4249,0.0
1732,0.0
3573,0.0
1097,4.584967478670572
1597,0.0
1293,0.0
3915,1.6094379124341005
3155,0.0
3492,0.0
2769,0.0
2056,0.0
2130,0.0
4873,4.189654742026425
828,0.0
4680,0.0
3461,0.0
3902,0.0
4871,3.8501476017100575
3784,0.0
1595,0.0
3379,0.0
4269,5.638354669333745
764,0.0
4096,0.0
2591,2.8332133440562166
2525,0.0
1592,0.0
3319,5.62040086571715
1421,1.6094379124341005
654,0.0
2677,0.0
283,0.0
3945,0.0
4053,4.762173934797756
2259,0.0
2026,0.0
4885,0.0
3258,0.0
4630,0.0
1445,0.0
981,0.0
4023,0.0
1153,0.0
2739,0.6931471805599453
674,0.0
468,0.6931471805599453
3564,6.62273632394984
4964,4.68213122712422
429,0.0
2936,0.0
1555,0.0
1129,0.0
1210,0.0
916,0.0
166,0.0
4197,0.0
3096,2.6390573296152584
4719,0.0
2949,0.0
2494,0.0
1000,0.0
1178,0.0
56,5.733341276897747
208,0.0
2111,0.0
3390,0.0
1307,0.0
1440,0.0
425,0.0
697,1.3862943611198906
3604,0.0
1265,0.0
4429,0.0
3378,0.0
1593,0.0
2301,0.0
492,0.0
961,0.0
1860,0.0
2851,0.0
4447,0.0
978,0.0
3144,4.442651256490317
819,0.0
1826,0.0
3277,0.0
3601,0.0
1467,2.079441541679836
4222,0.0
621,0.0
4840,0.0
3528,0.0
1778,0.0
3059,2.302585092994046
336,0.0
3290,3.688879454113936
1083,4.290459441148391
2607,1.9459101490553128
390,0.0
737,0.0
113,0.0
1068,0.0
937,0.0
2299,5.594711379601838
1873,3.828641396489095
4608,0.0
1015,5.337538079701318
257,0.0
3158,0.0
1339,3.9318256327243257
1152,0.0
2264,0.0
992,0.0
4076,4.709530201312334
2558,0.6931471805599453
1009,0.0
2975,0.0
2816,2.4849066497880004
526,0.0
3752,0.0
132,2.079441541679836
2462,0.0
35,0.0
441,0.0
64,5.87493073085203
2029,0.0
1668,0.0
4374,0.0
1282,0.0
2175,0.0
638,0.0
3642,0.0
1224,0.0
3172,0.0
4642,0.0
1218,0.0
1598,0.0
2725,0.0
3551,0.0
3728,2.5649493574615367
767,0.0
2572,1.3862943611198906
4190,0.0
1294,0.0
4748,0.0
4413,3.828641396489095
1108,0.0
1659,0.0
1744,0.0
1278,0.0
3495,5.82600010738045
4238,0.0
129,2.9957322735539913
2700,0.0
2255,0.0
3900,0.0
4043,0.0
4204,0.0
3407,0.0
452,0.0
1234,0.0
4497,0.0
1719,3.8501476017100575
4763,0.0
2964,0.0
459,4.382026634673881
3974,0.0
680,0.0
2009,0.0
2466,0.0
1747,0.0
2934,0.0
1954,6.267200548541362
361,7.9157131993821155
1804,0.0
3761,0.0
3022,0.0
202,0.0
934,0.0
4297,0.0
4710,0.0
4841,0.0
124,1.791759469228055
4504,0.0
4736,0.0
1965,0.0
2515,0.0
4109,5.442417710521793
446,0.0
3973,0.0
4009,0.0
3905,0.0
3963,0.0
3214,0.0
1757,0.0
1588,0.0
935,0.0
1450,1.6094379124341005
4157,5.062595033026967
3234,0.0
1353,6.6025878921893355
2819,2.8903717578961645
1188,0.0
217,0.0
1415,2.079441541679836
4229,0.0
3312,4.955827057601262
4365,0.0
877,3.0910424533583165
4272,6.946013991099227
2022,0.0
66,6.29156913955832
3432,0.0
1481,4.48863636973214
4461,0.0
736,0.0
1846,0.0
272,0.0
1490,5.934894195619588
4688,0.0
3844,4.442651256490317
4709,0.0
4080,3.8712010109078916
1944,0.0
660,0.0
1446,0.0
2801,0.0
2903,0.0
288,0.0
1776,0.0
1357,0.0
3678,0.0
3772,0.0
3910,6.926577033222724
4927,0.0
3112,0.0
226,0.0
760,0.0
514,0.0
3847,2.8903717578961645
1605,0.0
4866,0.0
4870,3.4657359027997265
3701,6.326149473155099
4102,0.0
800,4.90527477843843
768,0.0
193,0.0
3475,0.0
742,0.0
2891,4.043051267834549
1454,1.3862943611198906
612,0.0
1870,2.3978952727983707
4046,0.0
401,0.0
3854,3.1354942159291497
849,0.0
3768,0.0
1728,0.0
374,0.0
537,0.0
3922,3.218875824868201
3555,0.0
1007,0.0
4781,0.0
3807,0.0
3508,0.0
578,0.0
692,3.4339872044851463
1611,0.6931471805599453
2734,5.135798437050261
4883,0.0
4835,0.0
655,0.0
444,0.0
1829,0.0
3891,0.0
1228,0.0
3431,0.0
3488,0.0
2896,4.219507705176107
590,0.0
1575,0.0
478,2.079441541679836
4699,0.0
4403,2.772588722239781
2656,0.0
2396,0.0
3849,2.3978952727983707
4652,6.159095388491932
2660,0.0
1871,2.7080502011022096
3354,0.0
2620,6.669498089857878
465,0.0
743,0.0
2751,3.1354942159291497
3539,0.0
182,0.0
242,0.0
2716,0.0
1394,0.0
1053,3.4011973816621555
4303,0.0
653,0.0
148,0.0
708,4.7535901911063645
3404,0.0
23,0.0
1285,0.0
1957,0.0
2260,0.0
1532,0.0
1436,0.0
919,0.0
1199,0.0
2216,0.0
4529,0.0
469,0.0
4812,0.0
3330,7.4223737009868245
106,0.0
1484,4.605170185988092
4103,0.0
350,0.0
1509,0.0
1260,2.19722457733622
48,4.189654742026425
238,0.0
712,6.78332520060396
1443,0.0
4645,0.0
4928,0.0
3400,0.0
3791,0.0
4211,0.0
2663,0.0
2718,1.791759469228055
2613,6.548219102762372
4156,5.638354669333745
2511,0.0
900,0.0
3345,0.0
3934,0.0
1931,3.970291913552122
4689,0.0
4017,0.0
2771,0.0
3416,0.0
4794,0.0
3180,0.0
3091,1.9459101490553128
2254,0.0
2125,0.0
30,0.0
2306,0.0
1226,0.0
3216,0.0
2329,5.105945473900579
173,0.0
2676,0.0
3138,2.8903717578961645
4594,0.0
859,3.0445224377234235
1972,0.0
1917,0.0
3811,0.0
3256,0.0
3669,0.0
2491,0.0
4877,0.0
807,0.0
1469,1.0986122886681098
2006,0.0
3150,3.828641396489095
3160,0.0
493,0.0
1623,1.0986122886681098
2651,0.0
4400,2.079441541679836
1001,0.0
2317,0.0
4707,0.0
1951,0.0
3908,0.0
3977,0.0
972,0.0
1308,0.0
3836,6.2633982625916245
2489,0.0
4108,4.060443010546419
3649,0.0
3473,0.0
4330,0.0
2811,0.6931471805599453
3707,0.0
4226,0.0
4579,0.0
4503,0.0
2642,0.0
1663,0.0
1701,0.0
16,0.0
4341,0.0
1058,0.0
640,0.0
2659,0.0
3010,0.0
2169,0.0
2813,1.0986122886681098
4171,0.0
4698,0.0
1186,0.0
2662,0.0
4155,5.493061443340548
3982,0.0
1716,2.19722457733622
2960,0.0
2469,0.0
1966,0.0
1920,0.0
4456,0.0
3862,4.477336814478207
2965,0.0
585,0.6931471805599453
3105,0.0
36,0.0
1072,0.0
76,0.0
2238,0.0
3225,0.0
4192,0.0
997,0.0
4234,0.0
2368,0.0
4825,0.0
3252,0.0
2049,0.0
1407,1.0986122886681098
1905,1.0986122886681098
639,0.0
375,0.0
3599,0.0
2170,0.0
4020,0.0
1327,0.0
2786,0.0
2793,0.0
4258,5.365976015021852
4832,0.0
1384,0.0
189,0.0
1515,0.0
4796,0.0
4901,0.0
3774,0.0
2059,0.0
353,0.0
4753,0.0
3470,0.0
2248,0.0
4112,6.774223886357614
1383,0.6931471805599453
1628,2.9957322735539913
3753,0.0
3093,2.9957322735539913
2495,0.0
4099,0.0
2326,5.247024072160486
3239,0.0
4075,4.6443908991413725
2929,0.0
1470,1.9459101490553128
1839,0.0
3832,0.0
240,0.0
1517,0.0
2163,0.0
676,0.0
4304,0.0
4673,0.0
3127,7.496652438168282
3948,0.0
1382,0.0
1205,0.0
2454,0.0
2919,0.0
4624,0.0
1027,6.938284484016959
1019,5.44673737166631
1816,0.0
4029,0.0
4514,0.0
4394,1.6094379124341005
2830,0.0
3230,0.0
2392,0.0
3055,0.0
1483,4.727387818712341
3405,0.0
2373,0.0
4187,0.0
3297,2.19722457733622
2367,0.0
3781,0.0
2623,0.0
1292,0.0
852,3.0910424533583165
2814,0.6931471805599453
3176,0.0
1617,1.0986122886681098
2826,6.159095388491932
2614,5.655991810819852
4634,0.0
4907,0.0
2867,0.0
4552,6.651571873589728
3804,0.0
4945,9.345482965918476
140,0.0
1589,0.0
3527,0.0
3819,0.0
2437,4.919980925828125
4923,0.0
820,0.0
4252,0.0
2745,1.791759469228055
4467,1.3862943611198906
3193,5.968707559985366
2532,0.0
1136,0.0
1817,0.0
229,1.3862943611198906
999,0.0
2715,1.0986122886681098
3523,0.0
4543,3.4011973816621555
2580,5.1647859739235145
4090,7.257002707092072
24,0.0
1118,0.0
2149,0.0
628,0.0
1471,3.332204510175204
261,0.0
1388,0.6931471805599453
3040,0.0
2553,1.3862943611198906
2422,0.0
1695,0.0
8,0.0
1606,0.0
1066,0.0
1902,1.9459101490553128
2411,0.0
4892,0.0
1713,2.3978952727983707
3061,2.772588722239781
400,0.0
4556,0.0
1994,0.0
1539,0.0
4558,0.0
3618,0.0
4414,3.9318256327243257
38,0.0
2292,0.0
3219,0.0
864,5.14166355650266
4802,0.0
4251,0.0
3926,2.302585092994046
1434,0.0
2440,0.0
2433,0.0
2375,0.0
4233,0.0
4360,0.0
207,0.0
3101,4.8283137373023015
2568,2.9957322735539913
1069,0.0
3350,0.0
2096,0.0
4049,3.2958368660043287
669,0.0
851,3.6635616461296463
3879,0.0
1654,2.3978952727983707
698,1.791759469228055
4242,0.0
293,0.0
4750,0.0
894,3.258096538021482
2724,2.8332133440562166
1325,0.0
2297,4.276666119016055
983,0.0
1112,0.0
631,0.0
1967,0.0
3590,0.0
212,0.0
4573,0.0
1609,0.0
4880,0.0
3004,0.0
1287,2.9444389791664403
2990,0.0
3336,0.0
2376,0.0
198,0.0
3506,0.0
3950,0.0
3846,3.688879454113936
3740,3.6635616461296463
2666,0.0
4909,0.0
1442,0.0
4418,0.0
2271,0.0
3553,0.0
523,0.0
4799,0.0
4434,6.715383386334682
1934,0.0
4040,0.0
4780,0.0
3429,0.0
4193,0.0
4364,0.0
2631,0.0
3888,0.0
3171,0.0
2876,0.0
3925,2.7080502011022096
3438,0.0
4978,4.795790545596741
4167,0.0
821,0.0
1204,0.0
4015,0.0
4426,0.0
2446,0.0
3000,0.0
1664,0.0
2439,0.0
2939,0.0
4532,0.0
3493,0.0
3979,0.0
2085,0.0
2509,0.0
2307,0.0
3630,0.0
1645,1.3862943611198906
3930,3.258096538021482
3861,3.970291913552122
4966,3.6375861597263857
750,0.0
2420,0.0
1161,0.0
2596,4.02535169073515
2885,1.6094379124341005
2570,2.302585092994046
4617,0.0
2074,0.0
277,0.0
158,0.0
4198,0.0
1146,0.0
294,0.0
3813,0.0
977,0.0
259,0.0
2206,6.38856140554563
3200,0.0
1761,0.0
3018,0.0
2639,0.0
1168,0.0
2314,0.0
2893,3.6635616461296463
413,5.225746673713202
3582,0.0
3070,2.3978952727983707
4668,5.8944028342648505
1369,0.0
3875,0.0
904,0.0
2530,0.0
513,0.0
67,6.55250788703459
2585,3.0910424533583165
4184,0.0
3933,0.0
4677,0.0
4700,0.0
1726,0.0
2357,0.0
4435,6.2363695902037035
3310,5.123963979403259
1790,0.0
4347,0.0
4129,0.0
3873,0.0
4848,0.0
4591,0.0
2173,0.0
1936,0.0
2116,0.0
3576,0.0
1397,0.6931471805599453
1244,1.9459101490553128
3830,0.0
149,0.0
1172,2.19722457733622
2348,0.0
1192,0.0
184,0.0
887,2.3978952727983707
920,0.0
1818,0.0
1487,5.0751738152338275
2926,0.0
4195,0.0
3411,0.0
1872,1.9459101490553128
4148,0.0
4299,0.0
667,0.0
2899,0.0
672,0.0
1908,2.4849066497880004
2108,0.0
1646,1.0986122886681098
2035,0.0
1681,0.0
2231,0.0
264,0.0
3299,3.4339872044851463
1323,0.0
2504,2.079441541679836
596,2.19722457733622
92,0.0
1411,1.3862943611198906
4669,5.877735781779639
3030,0.0
4410,4.30406509320417
1691,0.0
209,0.0
3837,6.785587645007928
2696,0.0
2250,0.0
2395,0.0
3765,0.0
1500,0.0
4352,0.0
3858,4.867534450455582
1084,4.890349128221754
1267,0.0
1109,0.0
2749,1.3862943611198906
2978,0.0
3733,0.6931471805599453
634,0.0
4546,6.38856140554563
2882,0.6931471805599453
3490,0.0
2315,0.0
3322,5.267858159063328
2232,0.0
2162,0.0
3107,0.0
809,0.0
3170,0.0
3028,0.0
2875,1.6094379124341005
3254,0.0
3332,7.399398083331354
3029,0.0
4867,3.49650756146648
4621,0.0
3842,3.5263605246161616
51,5.5909869805108565
2353,0.0
4735,0.0
2128,0.0
4919,6.968850378341948
1037,4.31748811353631
4696,0.0
2774,0.0
369,0.0
3154,0.0
1969,0.0
3268,0.0
2713,0.0
1482,3.7841896339182615
1362,0.0
1514,0.0
2152,0.0
112,0.0
4240,0.0
168,0.0
2322,5.786897381366707
3857,4.0943445622220995
1599,0.0
575,0.0
3532,0.0
4354,0.0
4301,2.4849066497880004
4082,5.455321115357702
2602,1.6094379124341005
160,2.19722457733622
1245,0.0
1354,6.376726947898628
1289,0.0
3141,2.4849066497880004
139,0.0
1157,0.0
4266,4.948759890378168
3326,5.840641657373397
4949,3.0445224377234235
1115,0.0
2483,5.351858133476067
853,2.8903717578961645
3534,0.0
4421,0.0
2435,0.0
4557,0.0
4311,0.0
2258,0.0
53,4.955827057601262
2827,6.621405651764134
1493,6.79346613258001
2705,0.0
2434,0.0
4485,3.3672958299864737
2177,0.0
2194,0.0
4137,0.0
4515,0.0
619,0.0
995,0.0
3545,0.0
3942,0.0
1601,0.0
2841,0.0
2557,0.6931471805599453
1212,0.0
3935,0.0
167,0.0
4442,0.0
2001,0.0
3655,0.0
3780,0.0
4407,1.6094379124341005
4732,0.0
3829,0.0
4886,0.0
4713,0.0
2765,0.0
2828,6.700731109547809
663,0.0
515,0.0
4785,0.0
2709,0.0
356,0.0
2866,0.0
1431,0.0
4551,6.617402977974478
3341,0.0
2710,0.0
3668,0.0
529,0.0
3320,5.288267030694535
4030,0.0
59,4.84418708645859
948,0.0
3706,0.0
3622,0.0
281,0.0
1183,0.0
3348,0.0
1629,3.258096538021482
2782,5.303304908059076
4827,0.0
4714,0.6931471805599453
3577,0.0
4828,0.0
4154,5.541263545158426
451,0.0
1326,0.0
3229,0.0
2732,4.624972813284272
2901,0.0
3691,0.0
1276,0.0
1283,0.0
4683,0.0
1530,0.0
4004,0.0
805,0.0
4727,0.0
1529,0.0
2554,3.555348061489413
4404,1.9459101490553128
4691,9.617936541093304
49,5.135798437050261
1570,0.0
2691,0.0
1558,0.0
3054,0.0
1746,0.0
801,5.6937321388027
4382,0.0
1367,0.0
1310,3.737669618283368
3865,0.0
2897,4.852030263919617
424,0.0
4795,0.0
0,0.0
3709,0.0
3529,0.0
3457,0.0
4349,0.0
4399,3.1780538303479458
976,0.0
2034,0.0
1269,0.0
176,0.0
4463,2.19722457733622
3610,0.0
512,0.0
2584,3.258096538021482
1286,0.0
2967,0.0
1462,1.9459101490553128
2409,0.0
1812,0.0
3291,2.302585092994046
1139,0.0
3713,0.0
1855,0.0
4205,0.0
2384,0.0
766,0.0
1348,7.310550158534423
2482,4.787491742782046
4093,7.348587530927593
1054,3.6635616461296463
1317,0.0
179,0.0
3589,0.0
2578,3.737669618283368
2455,0.0
1262,1.6094379124341005
2356,0.0
2344,6.282266746896006
532,0.0
4401,3.555348061489413
4537,1.3862943611198906
4436,6.261491684321044
4494,0.0
380,0.0
1866,5.1929568508902095
4510,0.0
3346,0.0
3037,0.0
2681,0.0
4235,0.0
930,0.0
2626,0.0
2526,0.0
3594,0.0
4942,9.097059685517216
4987,5.575949103146316
3672,0.0
419,0.0
625,0.0
2087,0.0
3215,0.0
1480,4.84418708645859
4598,0.0
1059,0.0
1970,0.0
80,0.0
4633,0.0
73,0.0
4811,0.0
3173,0.0
2604,1.6094379124341005
3140,2.19722457733622
2880,1.0986122886681098
1252,0.6931471805599453
3793,0.0
3692,0.0
3636,0.0
3643,0.0
1894,2.5649493574615367
2598,4.3694478524670215
2589,2.302585092994046
1864,3.5263605246161616
1461,0.0
507,0.0
1181,0.0
214,0.0
488,0.0
1124,0.0
1257,0.6931471805599453
1541,0.0
388,0.0
2265,0.0
3065,2.4849066497880004
3293,2.19722457733622
3786,0.0
2211,0.0
1290,0.0
2510,0.0
2450,0.0
2995,0.0
861,4.61512051684126
4976,5.780743515792329
2552,7.822845290279774
455,0.0
2331,5.0751738152338275
815,0.0
3518,0.0
1086,4.897839799950911
2920,0.0
2638,0.0
1358,0.0
1576,0.0
2112,5.849324779946859
3130,3.737669618283368
4868,3.610917912644224
611,0.0
1279,0.0
604,0.0
3876,0.0
2777,0.0
2222,0.0
352,0.0
3001,0.0
3448,8.796943893541737
323,0.0
4631,0.0
4261,5.828945617610208
1998,0.0
3389,0.0
3427,0.0
1655,2.8903717578961645
2198,0.0
2082,0.0
3823,0.0
1405,5.003946305945459
25,0.0
1699,0.0
1705,2.302585092994046
2913,0.0
2067,9.532568788180546
622,0.0
2992,0.0
4163,0.0
4125,0.0
782,2.6390573296152584
1831,0.0
1274,0.0
2207,6.35088571671474
3129,1.3862943611198906
163,0.0
1753,0.0
2047,0.0
3946,0.0
3224,0.0
2870,0.0
2246,0.0
3280,0.0
3360,0.0
3688,0.0
3563,0.0
1198,0.0
408,0.0
142,0.0
22,9.54086639341985
2252,0.0
3260,0.0
1770,6.76849321164863
4255,0.0
1005,0.0
641,0.0
3767,0.0
2654,0.0
1343,2.302585092994046
384,0.0
888,1.791759469228055
1557,0.0
1085,3.5263605246161616
4327,0.0
531,0.0
3778,0.0
1853,0.0
1935,0.0
3387,0.0
3153,0.0
2447,0.0
1075,0.0
4912,0.0
2688,0.0
2931,0.0
1932,0.0
2767,0.0
1671,0.0
2438,0.0
2983,0.0
2109,0.0
2186,0.0
1148,0.0
786,1.6094379124341005
1585,0.0
3166,0.0
266,0.0
4859,0.0
3736,2.9957322735539913
360,7.521317980199241
1460,2.302585092994046
3421,0.0
3680,0.0
952,0.0
2160,0.0
4250,0.0
4899,0.0
3243,0.0
3372,0.0
2699,0.0
1574,0.0
4217,0.0
1955,0.0
4706,0.0
3337,0.0
2176,0.0
1313,0.0
4308,0.0
1331,0.0
1842,0.0
2208,0.0
2979,0.0
3436,0.0
4012,0.0
4150,0.0
754,0.0
3916,2.8332133440562166
1378,0.0
4852,0.0
980,0.0
2100,0.0
286,0.0
4317,0.0
3533,0.0
3088,3.2958368660043287
4484,3.80666248977032
3571,0.0
4256,5.5333894887275195
1154,0.0
1079,0.0
3008,0.0
1511,0.0
892,3.688879454113936
135,4.532599493153255
3261,0.0
4498,0.0
2191,0.0
211,0.0
433,0.0
3164,0.0
274,0.0
3012,0.0
88,0.0
2798,0.0
2324,5.1929568508902095
298,8.402455513945814
2545,0.0
567,0.0
3674,0.0
4549,5.7071102647488745
3776,0.0
3754,0.0
315,0.0
4711,0.0
2151,0.0
3662,0.0
3288,5.476463551931511
3117,0.0
522,0.0
2020,0.0
4329,0.0
2974,0.0
1275,0.0
3181,0.0
2413,0.0
2752,2.4849066497880004
528,0.0
4818,0.0
308,0.0
1505,0.0
3598,0.0
2496,0.0
1374,0.0
2619,6.937314081223682
1134,0.0
1203,0.0
3681,0.0
3220,0.0
1318,0.0
2647,0.0
2332,4.941642422609304
3969,0.0
833,0.0
2989,5.468060141135132
2110,0.0
1682,0.0
3034,0.0
2287,0.0
2380,0.0
4690,0.0
2004,0.0
4356,0.0
3978,0.0
2616,7.379632152609552
1166,0.0
629,0.0
4377,0.0
4460,0.0
4466,1.0986122886681098
727,3.2958368660043287
354,0.0
2140,0.0
2871,0.0
1861,0.0
1222,0.0
4843,0.0
4260,5.4510384535657
2508,0.0
3940,0.0
159,0.0
2787,0.0
1982,0.0
4513,0.0
2103,0.0
371,0.0
3482,0.0
2970,0.0
2131,0.0
3418,0.0
3424,0.0
1538,0.0
3554,0.0
4834,0.0
2475,0.0
2337,5.049856007249537
2744,1.6094379124341005
1553,0.0
239,0.0
1429,0.0
1978,0.0
3245,0.0
2817,3.0445224377234235
3671,0.0
2449,0.0
4216,0.0
3913,6.208590026096629
2202,0.0
618,0.0
2381,0.0
1090,3.332204510175204
295,0.0
430,0.0
279,0.0
3524,0.0
2629,0.0
949,0.0
3351,0.0
27,0.0
116,6.253828811575472
3014,0.0
2766,0.0
3987,0.0
3895,0.0
1656,0.0
722,4.890349128221754
4793,0.0
4926,0.0
969,0.0
3647,0.0
4051,4.6443908991413725
2746,1.791759469228055
3024,0.0
3151,0.0
1774,0.0
3386,0.0
4450,0.0
4350,0.0
950,0.0
1211,0.0
1428,0.0
4619,0.0
426,0.0
4906,0.0
175,0.0
1923,0.0
4797,0.0
593,1.3862943611198906
3395,0.0
4717,0.0
3593,0.0
4814,0.0
404,0.0
491,0.0
4575,7.2254814727822945
3494,0.0
2081,0.0
4244,0.0
824,0.0
2542,0.0
2847,0.0
4973,5.758901773877279
3673,0.0
847,0.0
2790,0.0
4606,0.0
3515,0.0
4659,4.7791234931115305
2935,0.0
4844,0.0
1711,1.0986122886681098
4592,0.0
1788,0.0
4512,0.0
3126,6.963189985870238
2291,0.0
4836,0.0
1370,0.0
2187,0.0
3298,2.079441541679836
2145,0.0
3712,0.0
409,0.0
2060,0.0
4002,0.0
4262,5.3706380281276624
2452,0.0
3246,0.0
3145,4.158883083359672
3267,0.0
3471,0.0
4612,0.0
3380,0.0
1841,0.0
951,0.0
1304,0.0
1209,0.0
2391,0.0
974,0.0
474,1.9459101490553128
4026,0.0
215,0.0
656,0.0
500,0.0
3235,0.0
3560,0.0
2519,0.0
1583,0.0
2285,0.0
1634,0.0
2036,0.0
538,0.0
4065,7.987864096085688
1130,0.0
3646,0.0
3038,0.0
3352,0.0
2063,0.0
3056,0.0
964,0.0
2922,0.0
496,0.0
311,0.0
131,3.0910424533583165
251,0.0
2014,0.0
1314,0.0
3566,0.0
3095,3.1354942159291497
1341,1.0986122886681098
2184,0.0
4290,0.0
647,0.0
594,1.3862943611198906
908,0.0
4538,1.0986122886681098
2632,0.0
810,0.0
4398,3.5263605246161616
247,0.0
4274,7.213768308118643
278,0.0
2407,0.0
29,0.0
1119,0.0
3363,0.0
3066,1.791759469228055
1731,0.0
3474,0.0
3311,5.913503005638269
2398,0.0
3477,0.0
4189,0.0
2286,0.0
2792,0.0
3169,0.0
2075,0.0
1877,2.19722457733622
147,0.0
659,0.0
4287,0.0
1974,0.0
4199,0.0
570,0.0
633,0.0
46,4.948759890378168
4490,0.0
649,0.0
1886,0.6931471805599453
4300,0.0
868,6.953684210870537
4066,7.766416898019655
890,1.3862943611198906
1320,0.0
4062,7.238496840894365
3099,4.955827057601262
4406,2.19722457733622
827,0.0
3069,2.7080502011022096
1543,0.0
3517,0.0
867,6.2363695902037035
1662,0.0
2023,0.0
33,0.0
1843,0.0
3559,0.0
1416,1.0986122886681098
4392,3.3672958299864737
2503,2.079441541679836
1057,2.8903717578961645
3567,0.0
597,2.3978952727983707
3058,4.9836066217083355
4035,0.0
860,4.043051267834549
3689,0.0
9,0.0
2138,8.130647968160584
4337,0.0
1984,0.0
789,2.6390573296152584
2310,0.0
2759,4.7535901911063645
2531,0.0
2879,0.0
3223,0.0
2196,0.0
848,0.0
1243,0.6931471805599453
4983,5.521460917862246
4778,0.0
78,0.0
4587,0.0
4118,0.0
2406,0.0
4050,4.477336814478207
3045,0.0
2083,0.0
1180,0.0
3460,0.0
2371,0.0
2,0.0
4861,0.0
1755,0.0
4011,0.0
1048,1.3862943611198906
1418,1.791759469228055
4722,0.0
862,4.4543472962535064
3863,3.951243718581428
4416,3.737669618283368
2551,5.3706380281276624
4933,0.0
2431,0.0
3797,0.0
310,0.0
1618,0.0
1092,3.1780538303479458
1940,0.0
3825,0.0
1229,0.0
4774,0.0
1733,0.0
4974,6.625392368007955
3750,0.0
3063,2.079441541679836
2622,0.0
1393,0.0
2834,0.0
2405,0.0
3009,0.0
4122,0.0
762,0.0
3890,0.0
4388,0.0
966,0.0
3314,5.313205979041787
3441,8.224431573221159
682,0.0
2546,0.0
991,0.0
914,0.0
4147,0.0
4183,0.0
185,0.0
922,0.0
4366,0.0
3556,0.0
1619,1.3862943611198906
1830,0.0
2484,0.0
3148,3.258096538021482
740,0.0
4402,4.204692619390967
971,0.0
2564,0.0
3962,0.0
1116,0.0
156,0.0
2467,0.0
3860,4.007333185232471
831,0.0
835,0.0
2825,5.1179938124167546
502,0.0
989,0.0
3937,0.0
923,0.0
2044,0.0
1980,0.0
249,0.0
3911,7.45876269238096
2683,0.0
1346,3.8918202981106265
4566,0.0
4332,0.0
3653,0.0
355,0.0
744,0.0
844,0.0
723,3.3672958299864737
1976,0.0
2955,0.0
2214,0.0
3648,0.0
3870,0.0
3292,2.302585092994046
4203,0.0
1258,2.302585092994046
2988,5.3612921657094255
85,0.0
746,0.0
1867,4.248495242049359
1315,0.0
3898,0.0
962,0.0
265,0.0
2428,0.0
4116,6.320768294250582
3086,2.5649493574615367
3139,2.9957322735539913
2069,10.080293928641973
1800,0.0
2235,0.0
3543,0.0
3062,2.8903717578961645
2212,0.0
4858,0.0
4705,0.0
1985,0.0
1371,0.0
2122,0.0
3907,0.0
4915,0.0
2057,0.0
4789,0.0
3947,0.0
2058,0.0
3711,0.0
2904,0.0
3838,6.846943139585379
4477,2.5649493574615367
4941,8.985069559645801
284,0.0
95,0.0
4767,0.0
2664,0.0
3955,0.0
3442,8.850230965588816
4247,0.0
4902,0.0
2649,0.0
2280,0.0
2521,0.0
3613,0.0
1284,0.0
4022,0.0
2003,0.0
2153,0.0
3764,0.0
2239,0.0
3932,3.828641396489095
4279,0.0
4151,0.0
43,0.0
3956,0.0
2802,0.0
3089,3.4339872044851463
4562,0.0
4479,3.951243718581428
1809,0.0
1003,0.0
3859,4.553876891600541
2393,0.0
1076,0.0
4881,0.0
3855,3.4339872044851463
3412,0.0
4265,5.351858133476067
300,0.0
2898,0.0
2507,0.0
942,7.9748769005588755
4508,0.0
2370,0.0
1259,3.1354942159291497
4339,0.0
2522,0.0
3156,0.0
4101,0.0
841,0.0
1868,2.6390573296152584
326,0.0
2436,5.056245805348309
3208,0.0
4639,0.0
1464,3.8918202981106265
3131,4.23410650459726
2061,0.0
2571,1.791759469228055
3103,4.976733742420574
3333,7.618742377670412
603,0.0
865,4.290459441148391
1890,0.6931471805599453
4042,0.0
4588,0.0
4528,0.0
3367,0.0
1280,0.0
830,0.0
3149,3.49650756146648
3799,0.0
1904,0.6931471805599453
2050,0.0
1302,0.0
328,0.0
1704,0.6931471805599453
2493,0.0
4938,0.0
4025,0.0
479,2.8332133440562166
3629,0.0
1175,0.0
4571,0.0
2957,0.0
4010,0.0
117,7.234177179749849
2862,0.0
879,2.7080502011022096
1029,6.957497370876951
466,0.6931471805599453
4323,0.0
3083,0.0
1901,2.772588722239781
1975,0.0
776,5.598421958998375
1786,0.0
4465,1.0986122886681098
4939,0.0
84,0.0
1665,0.0
3487,0.0
2789,0.0
2143,0.0
2199,0.0
511,0.0
3209,0.0
731,7.350516171833997
2220,0.0
2783,0.0
2002,0.0
4846,0.0
3666,0.0
4553,6.572282542694008
1633,1.0986122886681098
2757,3.8918202981106265
2859,0.0
1184,0.0
3122,6.80903930604298
3184,0.0
2055,0.0
4334,0.0
4083,5.8971538676367405
127,2.5649493574615367
164,0.0
4734,0.0
1510,0.0
3199,0.0
1319,0.0
2540,0.0
472,0.6931471805599453
1997,0.0
18,0.0
3952,0.0
2956,0.0
2042,0.0
2137,8.117610746466228
1025,5.71373280550937
97,0.0
4478,2.9444389791664403
3114,0.0
2835,0.0
3161,0.0
449,0.0
550,0.0
3744,3.3672958299864737
178,0.0
3654,0.0
1340,1.6094379124341005
4849,0.0
3548,0.0
3520,0.0
1591,0.0
1516,0.0
741,0.0
1769,5.857933154483459
4629,0.0
483,0.0
4686,0.0
2810,1.6094379124341005
2021,0.0
4936,0.0
1910,0.0
2485,0.0
780,4.394449154672439
77,0.0
1889,2.19722457733622
4609,0.0
673,0.0
2203,0.0
458,0.0
2865,0.0
752,0.0
121,1.791759469228055
3637,0.0
699,2.079441541679836
2924,0.0
4422,0.0
1492,6.202535517187923
4922,7.720905251936778
1948,0.0
2086,0.0
3365,0.0
31,0.0
2154,0.0
2758,3.828641396489095
69,0.0
1449,1.791759469228055
3175,0.0
3627,0.0
3877,0.0
3959,0.0
4742,0.0
3221,0.0
3146,4.30406509320417
1531,0.0
2432,0.0
4361,0.0
3574,0.0
3182,0.0
1912,0.0
504,0.0
339,0.0
3580,0.0
4682,0.0
798,3.6635616461296463
4687,0.0
4800,0.0
61,5.342334251964812
1775,0.0
2845,0.0
4921,7.547501682814968
2460,3.0910424533583165
4237,0.0
1567,0.0
4289,0.0
2848,0.0
1689,0.0
4153,5.680172609017067
2986,0.0
2419,0.0
4718,0.0
1568,0.0
3965,0.0
2339,6.493753839851687
2094,0.0
2041,0.0
4373,0.0
2200,0.0
2272,0.0
381,0.0
3864,0.0
2412,0.0
3912,6.86171134048073
1390,0.6931471805599453
4502,0.0
3914,5.41164605185504
1952,0.0
4162,6.858565034791365
2915,0.0
2342,5.673323267171493
4209,0.0
245,0.0
1439,0.0
1022,5.556828061699537
3233,0.0
411,0.0
2261,0.0
1062,0.0
4212,0.0
4895,0.0
4343,0.0
3561,0.0
665,0.0
4920,7.252762418053187
4651,4.927253685157205
4188,0.0
4930,0.0
114,0.0
3989,0.0
2302,0.0
2477,0.0
3250,0.0
118,5.834810737062606
1981,0.0
2180,0.0
162,0.0
263,0.0
4342,0.0
775,5.5333894887275195
4533,0.6931471805599453
4473,0.0
651,0.0
3723,0.0
4507,0.0
1170,0.0
4760,0.0
3011,0.0
4940,0.0
3874,0.0
4934,0.0
1368,0.0
897,0.0
928,0.0
14,0.0
2548,0.0
967,0.0
1106,0.0
4584,0.0
4336,0.0
3968,0.0
1254,1.791759469228055
2648,0.0
2923,0.0
4264,5.8200829303523625
4943,9.023167064451203
1639,2.5649493574615367
1133,0.0
4671,0.0
3519,0.0
1878,3.58351893845611
271,0.0
1473,4.0943445622220995
1547,0.0
4310,0.0
4655,5.666426688112433
4440,0.0
838,0.0
2195,0.0
1835,0.0
412,4.804021044733257
1712,1.6094379124341005
4438,6.39024066706535
2795,0.0
2221,0.0
377,0.0
1491,7.1049654482698426
738,0.0
3377,0.0
3615,0.0
4600,2.6390573296152584
52,5.337538079701318
4114,7.123672785204607
2269,0.0
3094,3.8501476017100575
1389,0.0
3188,5.82600010738045
3478,0.0
3433,0.0
4191,0.0
2309,0.0
3222,0.0
2590,3.3672958299864737
1632,3.8501476017100575
4275,7.257707677160043
3174,0.0
2976,0.0
4280,0.0
467,0.6931471805599453
4768,0.0
903,0.0
4746,0.0
71,0.0
3217,0.0
1898,2.19722457733622
3995,0.0
1207,0.0
2077,0.0
1590,0.0
2844,0.0
2205,5.71042701737487
2980,0.0
658,0.0
63,5.645446897643237
1838,0.0
4000,0.0
3036,0.0
454,0.0
402,0.0
1472,3.1354942159291497
677,0.0
3356,4.51085950651685
1616,0.0
1251,1.0986122886681098
1983,0.0
3425,1.3862943611198906
3843,3.49650756146648
1033,7.410951875583635
174,0.0
939,0.0
3102,4.605170185988092
2587,2.772588722239781
334,0.0
873,5.703782474656202
2853,0.0
1486,4.418840607796597
4293,0.0
296,0.0
4847,0.0
4782,0.0
3845,4.110873864173311
4218,0.0
3760,0.0
378,0.0
3110,0.0
2770,0.0
3918,1.6094379124341005
4138,0.0
2210,0.0
2172,0.0
2599,0.6931471805599453
2052,0.0
915,0.0
4950,2.8903717578961645
4779,0.0
2335,4.962844630259907
3820,0.0
956,0.0
1887,4.158883083359672
4986,5.288267030694535
3717,0.0
4027,0.0
1182,0.0
4980,6.651571873589728
4602,0.0
4452,0.0
1423,1.9459101490553128
4969,3.0445224377234235
2400,0.0
2892,3.9889840465642745
3596,0.0
1722,4.736198448394496
1667,0.0
2884,1.0986122886681098
2994,0.0
886,3.1780538303479458
4056,6.025865973825314
4775,0.0
333,0.0
153,0.0
721,4.31748811353631
373,0.0
312,0.0
1849,0.0
1622,2.079441541679836
42,0.0
2693,0.0
4618,0.0
417,0.0
4888,0.0
4824,0.0
704,4.919980925828125
732,7.068172000388043
944,0.0
3614,0.0
1806,0.0
1018,5.648974238161206
907,0.0
1693,0.0
2791,0.0
4368,10.352459048953431
519,0.0
814,0.0
818,0.0
3449,8.947546015032179
1522,0.0
1638,2.5649493574615367
4908,0.0
3557,0.0
4702,0.0
1700,0.0
3526,0.0
3734,1.0986122886681098
3046,0.0
1883,4.219507705176107
2592,4.189654742026425
379,0.0
3775,0.0
4003,0.0
2251,0.0
4439,6.07993319509559
2148,0.0
3726,4.820281565605037
2144,0.0
2566,1.0986122886681098
1803,0.0
3621,0.0
3967,0.0
1594,0.0
4328,0.0
1706,2.079441541679836
4904,0.0
3790,0.0
1820,0.0
2562,1.0986122886681098
2559,1.3862943611198906
4208,1.0986122886681098
1582,0.0
2547,0.0
319,0.0
4321,0.0
3364,0.0
1763,0.0
2843,0.0
4721,0.0
2141,0.0
213,0.0
4433,7.1180162044653335
3497,0.0
803,6.57507584059962
4132,0.0
105,0.0
4458,0.0
3805,0.0
2806,2.6390573296152584
1465,2.8332133440562166
2953,0.0
565,0.0
4977,5.602118820879701
4345,0.0
2524,0.0
1474,4.290459441148391
3236,0.0
2829,0.0
2502,2.19722457733622
317,0.0
1200,0.0
2278,0.0
652,0.0
70,0.0
2658,0.0
1174,0.0
1088,4.61512051684126
4956,4.84418708645859
410,0.0
4064,8.0507033814703
4887,0.0
2386,0.0
2091,6.7945865808765
4635,0.0
601,0.0
3013,0.0
2219,0.0
2465,0.0
837,0.0
3325,6.154858094016419
624,0.0
1627,2.6390573296152584
806,0.0
3115,0.0
637,0.0
423,0.0
1996,0.0
4472,0.0
4620,0.0
2486,0.0
150,0.0
3109,0.0
1580,0.0
626,0.0
3002,0.0
4601,0.0
3796,0.0
3481,0.0
143,0.0
2574,1.0986122886681098
4662,4.941642422609304
4014,0.0
1880,3.688879454113936
3452,0.0
3605,0.0
3342,0.0
4790,0.0
2171,0.0
2780,0.0
4720,0.0
2832,0.0
4971,3.7841896339182615
2230,0.0
617,0.0
1324,0.0
690,1.3862943611198906
2288,0.0
3302,2.302585092994046
1350,7.801800401908972
2729,4.430816798843313
4561,0.0
1187,0.0
1191,0.0
145,0.0
3572,0.0
4420,0.0
3742,2.9444389791664403
1762,0.0
3800,0.0
1834,0.0
4889,0.0
1111,0.0
2127,0.0
4783,0.0
2277,0.0
3795,0.0
2499,1.3862943611198906
1824,0.0
2788,0.0
4196,0.0
4386,0.0
3827,0.0
2492,0.0
878,2.3978952727983707
1455,2.19722457733622
391,0.0
4182,0.0
2283,0.0
2714,1.6094379124341005
2958,0.0
475,2.6390573296152584
1694,0.0
1295,0.0
2092,7.206377291472252
3050,0.0
1137,0.0
2072,0.0
832,0.0
591,0.0
4658,4.5217885770490405
3592,0.0
109,0.0
4318,0.0
1052,2.9444389791664403
1311,0.0
668,0.0
253,0.0
2690,0.0
4641,0.0
843,0.0
4159,6.075346031088683
4509,0.0
3374,0.0
3394,0.0
884,4.634728988229637
4547,5.8200829303523625
3996,0.0
4752,0.0
1879,4.51085950651685
1485,5.25227342804663
2417,0.0
2737,0.0
2267,0.0
4173,0.0
3368,0.0
2808,2.302585092994046
869,5.863631175598098
2468,0.0
3893,0.0
450,0.0
1979,0.0
696,0.0
1741,0.0
3718,0.0
811,0.0
3284,0.0
2189,0.0
505,0.0
3303,2.302585092994046
405,0.0
3640,0.0
183,7.141245122350491
4894,0.0
1876,3.1780538303479458
609,0.0
2674,0.0
2033,0.0
3981,0.0
1968,0.0
20,9.502338118495565
2218,0.0
2224,0.0
327,0.0
3270,0.0
2518,0.0
1874,2.7080502011022096
4362,0.0
1756,0.0
2178,0.0
3410,0.0
4891,0.0
489,0.0
606,0.0
3212,0.0
2464,0.0
1738,0.0
152,0.0
889,2.079441541679836
4937,0.0
3082,2.4849066497880004
269,0.0
96,0.0
3824,0.0
3885,5.4380793089231965
1799,0.0
1572,0.0
4628,0.0
1067,0.0
2760,0.0
715,5.105945473900579
4059,7.301147805856032
4954,4.110873864173311
4565,0.0
4660,4.804021044733257
1798,0.0
461,1.0986122886681098
2944,0.0
1795,0.0
1869,2.302585092994046
1345,4.442651256490317
4791,0.0
1214,0.0
1372,0.0
243,0.0
4039,0.0
2799,0.0
1679,0.0
3850,3.3672958299864737
1312,0.0
648,0.0
3238,0.0
2643,0.0
4409,4.51085950651685
155,0.0
3428,0.0
3453,0.0
1303,0.0
1150,0.0
3047,0.0
1046,0.0
1640,1.6094379124341005
1306,0.0
1927,0.0
3439,0.0
4121,0.0
2244,0.0
3136,0.0
15,0.0
3538,0.0
2669,0.0
1360,0.0
1844,0.0
3098,4.553876891600541
1612,1.0986122886681098
497,0.0
2840,0.0
4611,0.0
4963,4.736198448394496
3633,0.0
1478,4.7535901911063645
1095,5.429345628954442
542,0.0
4729,0.0
4074,4.51085950651685
431,0.0
728,2.7080502011022096
4412,4.290459441148391
2561,0.0
1337,3.8918202981106265
3606,0.0
2877,1.0986122886681098
4415,3.80666248977032
1031,6.876264611890766
1110,0.0
1888,2.8903717578961645
3550,0.0
1527,0.0
753,0.0
3049,0.0
2628,0.0
562,0.0
4764,0.0
3562,0.0
252,0.0
2516,0.0
2962,0.0
4453,0.0
1202,0.0
3462,0.0
2797,0.0
4225,0.0
144,0.0
2895,4.02535169073515
2763,0.0
905,0.0
3980,0.0
235,0.0
